{"main":"banking-api.raml","name":"Banking API","classifier":"raml","tags":[],"dependencies":[{"groupId":"85608094-0b2f-4960-b643-66ea8a3d383b","assetId":"banking-data-types","version":"1.0.0"},{"groupId":"68ef9520-24e9-4cf2-b2f5-620025690913","assetId":"training-cacheable-trait","version":"1.0.1"},{"groupId":"68ef9520-24e9-4cf2-b2f5-620025690913","assetId":"training-oauth20-security-scheme","version":"1.0.1"}],"groupId":"85608094-0b2f-4960-b643-66ea8a3d383b","assetId":"banking-api","version":"1.0.1","apiVersion":"v1"}